{
  "aleatorio": {
    "normal": 0.9994618391220839,
    "dos": 0.990886387960951,
    "fuzzy": 0.9978552278820375,
    "mitm_single": 0.9911233803654751,
    "mitm_multi": 0.9889171518770862,
    "macro_f1": 0.9936487974415267,
    "accuracy": 0.9986887609317736
  },
  "temporal": {
    "normal": 0.9938288949164015,
    "dos": 0.9979450719224827,
    "fuzzy": 0.9978999483786194,
    "mitm_single": 0.991639911932699,
    "mitm_multi": 0.847709097880265,
    "macro_f1": 0.9658045850060935,
    "accuracy": 0.9890410041386339
  }
}